{"Name": "Dressers_O8ca5eacdbd08_lod0", "Source": "B075Z8THYY", "Timestamp": 1595949066, "BoundingBox": {"MinPoint": {"x": -0.6937084197998047, "y": -0.22272276878356934, "z": -2.4310896407087057e-08}, "MaxPoint": {"x": 0.6937084197998047, "y": 0.21548019349575043, "z": 0.8914406895637512}}, "Type": "dressers", "Category": "dressers", "Width": 1.3874168395996094, "Length": 0.43820296227931976, "Orientation": 4.71238898038469}