{"Name": "KitchenIslandsAndCarts_Of14cb38f9a68_lod0", "Source": "B07HSBJDQX", "Timestamp": 1594397529, "BoundingBox": {"MinPoint": {"x": -0.32630741596221924, "y": -0.16360712051391602, "z": 0.0003704576811287552}, "MaxPoint": {"x": 0.3596290349960327, "y": 0.13415051996707916, "z": 0.5535749197006226}}, "Type": "kitchen-islands-and-carts", "Category": "kitchen-islands-and-carts", "Width": 0.685936450958252, "Length": 0.2977576404809952, "Orientation": 4.71238898038469}