{"Name": "Beds_O1ebe36c65561_lod0", "Source": "B075Z1NM6N", "Timestamp": 1594392867, "BoundingBox": {"MinPoint": {"x": -0.7827611565589905, "y": -1.0583361387252808, "z": 0.0011722604976966977}, "MaxPoint": {"x": 0.7827516198158264, "y": 1.0581356287002563, "z": 1.1640030145645142}}, "Type": "beds", "Category": "beds", "Width": 1.565512776374817, "Length": 2.116471767425537, "Orientation": 4.71238898038469}