{"Name": "HomeOfficeDeskChairs_Ocb2e8b1d1141_lod0", "Source": "B07B7HFYKH", "Timestamp": 1594393387, "BoundingBox": {"MinPoint": {"x": -0.30474892258644104, "y": -0.31207770109176636, "z": -0.0007409199024550617}, "MaxPoint": {"x": 0.3005710542201996, "y": 0.42383140325546265, "z": 1.0307422876358032}}, "Type": "home-office-desk-chairs", "Category": "home-office-desk-chairs", "Width": 0.6053199768066406, "Length": 0.735909104347229, "Orientation": 4.71238898038469}