{"Name": "HomeStorageBasketsBinsAndContainers_O45832f40a099_lod0", "Source": "B07HSJX4TG", "Timestamp": 1594396755, "BoundingBox": {"MinPoint": {"x": -0.17547860741615295, "y": -0.4585445821285248, "z": -1.7905687855090946e-05}, "MaxPoint": {"x": 0.17626288533210754, "y": 0.4585703909397125, "z": 0.3560043275356293}}, "Type": "home-storage-baskets-bins-and-containers", "Category": "home-storage-baskets-bins-and-containers", "Width": 0.3517414927482605, "Length": 0.9171149730682373, "Orientation": 4.71238898038469}