{"Name": "Bookcases_O2e667bbe14a2_lod0", "Source": "B075ZBW22K", "Timestamp": 1594396241, "BoundingBox": {"MinPoint": {"x": -0.24982154369354248, "y": -0.21383893489837646, "z": 0.00035736197605729103}, "MaxPoint": {"x": 0.24982154369354248, "y": 0.2137918621301651, "z": 1.9000095129013062}}, "Type": "bookcases", "Category": "bookcases", "Width": 0.49964308738708496, "Length": 0.42763079702854156, "Orientation": 4.71238898038469}