{"Name": "FloorLamps_O522eadaec3d5_lod0", "Source": "B07HKC3S4T", "Timestamp": 1595342603, "BoundingBox": {"MinPoint": {"x": -0.2549840807914734, "y": -0.1814022660255432, "z": 0.00021359622769523412}, "MaxPoint": {"x": 0.25364822149276733, "y": 0.2860835790634155, "z": 1.4291795492172241}}, "Type": "floor-lamps", "Category": "floor-lamps", "Width": 0.5086323022842407, "Length": 0.46748584508895874, "Orientation": 4.71238898038469}