{"Name": "AudioVideoMediaCabinets_Ocad952f94422_lod0", "Source": "B07QF9ZFQZ", "Timestamp": 1595343244, "BoundingBox": {"MinPoint": {"x": -0.5967292785644531, "y": -0.20308102667331696, "z": -2.1121002191648586e-06}, "MaxPoint": {"x": 0.5967004299163818, "y": 0.20293906331062317, "z": 0.8122225999832153}}, "Type": "audio-video-media-cabinets", "Category": "audio-video-media-cabinets", "Width": 1.193429708480835, "Length": 0.4060200899839401, "Orientation": 4.71238898038469}