{"Name": "CoffeeTables_Ob665b83f5366_lod0", "Source": "B07B7GQ1J2", "Timestamp": 1594396726, "BoundingBox": {"MinPoint": {"x": -0.5000681281089783, "y": -0.5768473744392395, "z": -7.058356032985103e-08}, "MaxPoint": {"x": 0.5000681281089783, "y": 0.5768473148345947, "z": 0.45558127760887146}}, "Type": "coffee-tables", "Category": "coffee-tables", "Width": 1.0001362562179565, "Length": 1.1536946892738342, "Orientation": 4.71238898038469}